"ENV","Trait","Valor"
"E0194","FLW_DAYS",114
"E0194","FLW_DAYS",118
"E0194","FLW_DAYS",73
"E0194","FLW_DAYS",115
"E0194","FLW_DAYS",115
"E0194","FLW_DAYS",73
"E0194","FLW_DAYS",118
"E0194","FLW_DAYS",74
"E0194","FLW_DAYS",115
"E011","GY",4250
"E0150","GY",840
"E0150","GY",3800
"E0150","GY",3800
"E0150","GY",1040
"E001","NDM",126
"E001","NDM",110
"E001","NDM",116
"E001","NDM",126
"E001","NDM",123
"E001","NDM",123
"E001","NDM",127
"E001","NDM",126
"E001","NDM",110
"E001","NDM",116
"E001","NDM",126
"E001","NDM",123
"E001","NDM",123
"E001","NDM",127
"E001","NDM",126
"E001","NDM",110
"E001","NDM",116
"E001","NDM",126
"E001","NDM",123
"E001","NDM",123
"E001","NDM",127
"E0194","NDM",204
"E0194","NDM",144
"E0194","NDM",203
"E0194","NDM",206
"E0194","NDM",143
"E0194","NDM",205
"E0194","NDM",203
"E0194","NDM",142
"E0150","W100G",7
"E0150","W100G",7
"E0150","W100G",7
"E0194","W100G",7
"E0194","W100G",6
"E0194","W100G",7
